-- Inserting data in Law Enforcement Agencies table
INSERT INTO LawEnforcementAgencies (AgencyName, Jurisdiction, EmailAddress) VALUES
('Mumbai Police', 'Mumbai', 'mumbaipolice@maha.gov.in'),
('Delhi Police', 'Delhi', 'delhipolice@delhi.gov.in'),
('Bengaluru City Police', 'Bengaluru', 'bcp@kar.gov.in'),
('Hyderabad Police', 'Hyderabad', 'hydpolice@telangana.gov.in'),
('Chennai City Police', 'Chennai', 'chennaipolice@tn.gov.in'),
('Kolkata Police', 'Kolkata', 'kolkatapolice@wb.gov.in'),
('Pune City Police', 'Pune', 'punepolice@maha.gov.in'),
('Ahmedabad Police', 'Ahmedabad', 'ahdpolice@gujarat.gov.in'),
('Jaipur Police', 'Jaipur', 'jaipurpolice@rajasthan.gov.in'),
('Lucknow Police', 'Lucknow', 'lucknowpolice@up.gov.in'),
('Chandigarh Police', 'Chandigarh', 'chdpolice@chd.gov.in'),
('Kochi City Police', 'Kochi', 'kochipolice@kerala.gov.in'),
('Bhopal Police', 'Bhopal', 'bhopalpolice@mp.gov.in'),
('Patna Police', 'Patna', 'patnapolice@bihar.gov.in'),
('Surat City Police', 'Surat', 'suratpolice@gujarat.gov.in'),
('Nagpur Police', 'Nagpur', 'nagpurpolice@maha.gov.in'),
('Indore Police', 'Indore', 'indorepolice@mp.gov.in'),
('Thane Police', 'Thane', 'thanepolice@maha.gov.in'),
('Ghaziabad Police', 'Ghaziabad', 'ghaziabadpolice@up.gov.in'),
('Coimbatore Police', 'Coimbatore', 'coimbatorepolice@tn.gov.in');

-- Inserting data in Officers table
INSERT INTO Officers (FirstName, LastName, DateOfBirth, Gender, BadgeNumber, Ranking, PostingCity, PostingState, ServiceJoiningDate, ResidentialAddress, ContactNumber, AgencyID) VALUES
('Rajesh', 'Kumar', '1980-05-15', 'Male', 'MH-4521', 'Inspector', 'Mumbai', 'Maharashtra', '2005-07-10', 'Flat 12, Shivaji Nagar, Mumbai', 9876543210, 500),
('Priya', 'Sharma', '1985-08-22', 'Female', 'DL-7854', 'Sub-Inspector', 'Delhi', 'Delhi', '2010-03-15', 'H.No. 45, RK Puram, Delhi', 8765432109, 501),
('Vikram', 'Singh', '1978-11-30', 'Male', 'KA-3214', 'Deputy Commissioner', 'Bengaluru', 'Karnataka', '2000-12-05', 'No. 56, Koramangala, Bengaluru', 7654321098, 502),
('Anjali', 'Patel', '1982-04-18', 'Female', 'TS-6547', 'Inspector', 'Hyderabad', 'Telangana', '2006-09-20', 'Flat 34, Banjara Hills, Hyderabad', 6543210987, 503),
('Arun', 'Iyer', '1987-07-25', 'Male', 'TN-9874', 'Sub-Inspector', 'Chennai', 'Tamil Nadu', '2012-05-12', 'No. 78, T Nagar, Chennai', 9432109876, 504),
('Meera', 'Banerjee', '1975-02-14', 'Female', 'WB-3698', 'Inspector', 'Kolkata', 'West Bengal', '1998-11-08', '12B, Park Street, Kolkata', 8321098765, 505),
('Sanjay', 'Deshmukh', '1983-09-09', 'Male', 'MH-8521', 'Sub-Inspector', 'Pune', 'Maharashtra', '2008-06-30', 'Flat 5, Kothrud, Pune', 7210987654, 506),
('Neha', 'Gupta', '1988-12-03', 'Female', 'GJ-7412', 'Constable', 'Ahmedabad', 'Gujarat', '2015-04-22', 'H.No. 32, Navrangpura, Ahmedabad', 6109876543, 507),
('Rahul', 'Sharma', '1979-06-28', 'Male', 'RJ-9632', 'Inspector', 'Jaipur', 'Rajasthan', '2004-08-17', 'No. 15, Malviya Nagar, Jaipur', 5098765432, 508),
('Sunita', 'Yadav', '1984-03-19', 'Female', 'UP-2587', 'Sub-Inspector', 'Lucknow', 'Uttar Pradesh', '2009-10-05', 'H.No. 7, Gomti Nagar, Lucknow', 4987654321, 509),
('Amit', 'Khanna', '1981-07-22', 'Male', 'CH-1478', 'Inspector', 'Chandigarh', 'Chandigarh', '2007-01-14', 'Sector 22B, Chandigarh', 3876543210, 510),
('Deepa', 'Nair', '1986-10-11', 'Female', 'KL-3698', 'Sub-Inspector', 'Kochi', 'Kerala', '2013-09-28', 'Flat 8, Marine Drive, Kochi', 2765432109, 511),
('Vijay', 'Malhotra', '1977-04-05', 'Male', 'MP-6541', 'Deputy Commissioner', 'Bhopal', 'Madhya Pradesh', '1999-12-15', 'No. 42, Arera Colony, Bhopal', 1654321098, 512),
('Pooja', 'Verma', '1989-01-30', 'Female', 'BR-9873', 'Constable', 'Patna', 'Bihar', '2016-07-08', 'H.No. 23, Patliputra Colony, Patna', 9543210987, 513),
('Ramesh', 'Joshi', '1980-08-17', 'Male', 'GJ-3214', 'Inspector', 'Surat', 'Gujarat', '2005-11-25', 'Flat 16, Athwa Lines, Surat', 8432109876, 514),
('Smita', 'Reddy', '1983-05-14', 'Female', 'MH-7852', 'Sub-Inspector', 'Mumbai', 'Maharashtra', '2008-02-18', 'Flat 9, Andheri East, Mumbai', 7321098765, 500),
('Alok', 'Mishra', '1976-12-08', 'Male', 'DL-4569', 'Inspector', 'Delhi', 'Delhi', '2001-04-30', 'H.No. 34, Saket, Delhi', 6210987654, 501),
('Kavita', 'Singh', '1987-09-21', 'Female', 'KA-1478', 'Constable', 'Bengaluru', 'Karnataka', '2014-08-12', 'No. 51, Indiranagar, Bengaluru', 5109876543, 502),
('Prakash', 'Rao', '1982-02-25', 'Male', 'TS-9632', 'Sub-Inspector', 'Hyderabad', 'Telangana', '2007-06-19', 'Flat 22, Jubilee Hills, Hyderabad', 4098765432, 503),
('Anita', 'Menon', '1985-11-13', 'Female', 'TN-2587', 'Inspector', 'Chennai', 'Tamil Nadu', '2010-03-07', 'No. 67, Adyar, Chennai', 3987654321, 504),
('Rajiv', 'Bose', '1978-07-04', 'Male', 'WB-7412', 'Deputy Commissioner', 'Kolkata', 'West Bengal', '2003-10-22', '15C, Salt Lake, Kolkata', 2876543210, 505),
('Shweta', 'Pawar', '1989-04-16', 'Female', 'MH-3698', 'Constable', 'Pune', 'Maharashtra', '2017-01-09', 'Flat 3, Wakad, Pune', 1765432109, 506),
('Manoj', 'Patel', '1981-10-29', 'Male', 'GJ-6541', 'Sub-Inspector', 'Ahmedabad', 'Gujarat', '2006-05-14', 'H.No. 18, Satellite, Ahmedabad', 0654321098, 507),
('Divya', 'Sharma', '1984-03-07', 'Female', 'RJ-9873', 'Inspector', 'Jaipur', 'Rajasthan', '2009-09-26', 'No. 24, Vaishali Nagar, Jaipur', 9543210987, 508),
('Vivek', 'Trivedi', '1979-08-12', 'Male', 'UP-3214', 'Deputy Commissioner', 'Lucknow', 'Uttar Pradesh', '2004-12-03', 'H.No. 9, Alambagh, Lucknow', 8432109876, 509),
('Anjali', 'Mehta', '1986-01-24', 'Female', 'CH-7852', 'Sub-Inspector', 'Chandigarh', 'Chandigarh', '2011-07-17', 'Sector 35C, Chandigarh', 7321098765, 510),
('Sunil', 'Nair', '1980-06-18', 'Male', 'KL-4569', 'Inspector', 'Kochi', 'Kerala', '2005-11-08', 'Flat 11, Panampilly Nagar, Kochi', 6210987654, 511),
('Preeti', 'Verma', '1983-09-05', 'Female', 'MP-1478', 'Sub-Inspector', 'Bhopal', 'Madhya Pradesh', '2008-04-21', 'No. 33, Shahpura, Bhopal', 5109876543, 512),
('Rakesh', 'Yadav', '1977-02-28', 'Male', 'BR-9632', 'Inspector', 'Patna', 'Bihar', '2002-08-15', 'H.No. 5, Danapur, Patna', 4098765432, 513),
('Sonia', 'Kapoor', '1988-07-19', 'Female', 'GJ-2587', 'Constable', 'Surat', 'Gujarat', '2015-02-11', 'Flat 7, Vesu, Surat', 3987654321, 514),
('Nitin', 'Shah', '1982-09-28', 'Male', 'MH-8523', 'Inspector', 'Nagpur', 'Maharashtra', '2007-08-14', 'Flat 5, Sitabuldi, Nagpur', 9876543201, 515),
('Ananya', 'Desai', '1987-04-15', 'Female', 'MP-7531', 'Sub-Inspector', 'Indore', 'Madhya Pradesh', '2012-11-22', 'No. 12, Vijay Nagar, Indore', 8765432108, 516),
('Vikas', 'Malhotra', '1980-12-03', 'Male', 'MH-9635', 'Inspector', 'Thane', 'Maharashtra', '2006-05-19', 'Flat 8, Ghodbunder Road, Thane', 7654321097, 517),
('Rashmi', 'Saxena', '1985-07-21', 'Female', 'UP-8524', 'Sub-Inspector', 'Ghaziabad', 'Uttar Pradesh', '2010-09-30', 'H.No. 34, Raj Nagar, Ghaziabad', 6543210986, 518),
('Sanjeev', 'Iyer', '1979-02-14', 'Male', 'TN-7418', 'Inspector', 'Coimbatore', 'Tamil Nadu', '2004-10-25', 'No. 56, RS Puram, Coimbatore', 5432109875, 519);

-- Inserting data in Incidents table
INSERT INTO Incidents (IncidentType, IncidentDate, Area, City, Description, Status, OfficerID) VALUES
('Robbery', '2023-01-15', 'Andheri West', 'Mumbai', 'Armed robbery at jewelry store', 'Closed', 1),
('Burglary', '2023-02-03', 'Saket', 'Delhi', 'Residential burglary during daytime', 'Under Investigation', 2),
('Cyber Crime', '2023-02-10', 'Koramangala', 'Bengaluru', 'Online financial fraud', 'Open', 3),
('Assault', '2023-02-18', 'Banjara Hills', 'Hyderabad', 'Bar fight leading to serious injuries', 'Closed', 4),
('Theft', '2023-03-05', 'T Nagar', 'Chennai', 'Pickpocketing in crowded market', 'Under Investigation', 5),
('Homicide', '2023-03-12', 'Park Street', 'Kolkata', 'Domestic dispute turned violent', 'Under Investigation', 6),
('Vehicle Theft', '2023-03-20', 'Kothrud', 'Pune', 'Motorcycle stolen from parking lot', 'Open', 7),
('Fraud', '2023-04-02', 'Navrangpura', 'Ahmedabad', 'Real estate scam', 'Closed', 8),
('Kidnapping', '2023-04-15', 'Malviya Nagar', 'Jaipur', 'Child abduction case', 'Under Investigation', 9),
('Domestic Violence', '2023-04-22', 'Gomti Nagar', 'Lucknow', 'Spousal abuse complaint', 'Closed', 10),
('Drug Offense', '2023-05-05', 'Sector 22', 'Chandigarh', 'Drug peddling bust', 'Closed', 11),
('Sexual Assault', '2023-05-12', 'Marine Drive', 'Kochi', 'Molestation case', 'Under Investigation', 12),
('Arson', '2023-05-20', 'Arera Colony', 'Bhopal', 'Deliberate fire at commercial property', 'Open', 13),
('Public Nuisance', '2023-06-03', 'Patliputra Colony', 'Patna', 'Loud party disturbance', 'Closed', 14),
('Hit and Run', '2023-06-10', 'Athwa Lines', 'Surat', 'Pedestrian hit by speeding vehicle', 'Under Investigation', 15),
('Vandalism', '2023-06-18', 'Andheri East', 'Mumbai', 'Graffiti on public property', 'Open', 16),
('Identity Theft', '2023-07-02', 'Saket', 'Delhi', 'Credit card fraud', 'Under Investigation', 17),
('Harassment', '2023-07-15', 'Indiranagar', 'Bengaluru', 'Workplace harassment complaint', 'Closed', 18),
('Bribery', '2023-07-22', 'Jubilee Hills', 'Hyderabad', 'Government official caught taking bribe', 'Under Investigation', 19),
('Child Abuse', '2023-08-05', 'Adyar', 'Chennai', 'School teacher accused of abuse', 'Open', 20),
('Eve Teasing', '2023-08-12', 'Salt Lake', 'Kolkata', 'Street harassment complaint', 'Closed', 21),
('Illegal Gambling', '2023-08-20', 'Wakad', 'Pune', 'Underground gambling den raid', 'Under Investigation', 22),
('Forgery', '2023-09-03', 'Satellite', 'Ahmedabad', 'Fake document racket', 'Open', 23),
('Extortion', '2023-09-10', 'Vaishali Nagar', 'Jaipur', 'Shopkeepers threatened for money', 'Under Investigation', 24),
('Trespassing', '2023-09-18', 'Alambagh', 'Lucknow', 'Unauthorized entry into private property', 'Closed', 25),
('Robbery', '2025-06-05', 'Marine Lines', 'Mumbai', 'Chain snatching incident near station', 'Under Investigation', 1),
('Cyber Crime', '2025-06-12', 'Gurgaon', 'Delhi-NCR', 'Online job scam defrauding 50 people', 'Open', 2),
('Domestic Violence', '2025-06-18', 'Whitefield', 'Bengaluru', 'Wife assaulted by husband', 'Under Investigation', 3),
('Theft', '2025-06-25', 'Banjara Hills', 'Hyderabad', 'Mobile phone theft in mall', 'Open', 4),
('Fraud', '2025-06-28', 'T Nagar', 'Chennai', 'Fake lottery scam targeting seniors', 'Under Investigation', 5);

-- Inserting data in Victims table 
INSERT INTO Victims (FirstName, LastName, DateOfBirth, Gender, ResidentialAddress, ContactNumber, AadhaarNumber, IncidentID) VALUES
('Aarav', 'Shah', '1975-08-12', 'Male', 'Shop No.5, Juhu Road, Andheri West, Mumbai', 9876543210, 123456789012, 1),
('Neha', 'Kapoor', '1982-03-25', 'Female', 'Flat 302, Saket Apartments, Delhi', 8765432109, 234567890123, 2),
('Rahul', 'Iyer', '1990-11-08', 'Male', 'No. 45, 5th Cross, Koramangala, Bengaluru', 7654321098, 345678901234, 3),
('Priya', 'Reddy', '1988-07-14', 'Female', 'Flat 8, Banjara Residency, Hyderabad', 6543210987, 456789012345, 4),
('Vikram', 'Menon', '1979-04-30', 'Male', 'No. 12, T Nagar Main Road, Chennai', 9432109876, 567890123456, 5),
('Ananya', 'Banerjee', '1995-01-18', 'Female', '12B, Park Street, Kolkata', 8321098765, 678901234567, 6),
('Rohan', 'Deshpande', '1987-09-22', 'Male', 'Flat 3, Kothrud Society, Pune', 7210987654, 789012345678, 7),
('Meera', 'Patel', '1973-12-05', 'Female', 'H.No. 32, Navrangpura, Ahmedabad', 6109876543, 890123456789, 8),
('Arjun', 'Sharma', '2005-06-15', 'Male', 'No. 15, Malviya Nagar, Jaipur', 5098765432, 901234567890, 9),
('Sunita', 'Yadav', '1980-02-28', 'Female', 'H.No. 7, Gomti Nagar, Lucknow', 4987654321, 112233445566, 10),
('Amit', 'Khanna', '1992-10-11', 'Male', 'Sector 22B, Chandigarh', 3876543210, 223344556677, 11),
('Deepika', 'Nair', '1984-05-19', 'Female', 'Flat 8, Marine Drive, Kochi', 2765432109, 334455667788, 12),
('Vijay', 'Malhotra', '1968-08-24', 'Male', 'No. 42, Arera Colony, Bhopal', 1654321098, 445566778899, 13),
('Pooja', 'Verma', '1998-03-07', 'Female', 'H.No. 23, Patliputra Colony, Patna', 9543210987, 556677889900, 14),
('Ramesh', 'Joshi', '1977-11-15', 'Male', 'Flat 16, Athwa Lines, Surat', 8432109876, 667788990011, 15),
('Smita', 'Reddy', '1989-07-30', 'Female', 'Flat 9, Andheri East, Mumbai', 7321098765, 778899001122, 16),
('Alok', 'Mishra', '1991-04-02', 'Male', 'H.No. 34, Saket, Delhi', 6210987654, 889900112233, 17),
('Kavita', 'Singh', '1983-12-18', 'Female', 'No. 51, Indiranagar, Bengaluru', 5109876543, 990011223344, 18),
('Prakash', 'Rao', '1976-09-21', 'Male', 'Flat 22, Jubilee Hills, Hyderabad', 4098765432, 112233445500, 19),
('Anita', 'Menon', '1993-02-14', 'Female', 'No. 67, Adyar, Chennai', 3987654321, 223344556611, 20),
('Rajiv', 'Mehta', '1978-05-17', 'Male', '15C, Salt Lake, Kolkata', 2876543210, 334455667722, 21),
('Shweta', 'Pawar', '1985-09-23', 'Female', 'Flat 3, Wakad, Pune', 1765432109, 445566778833, 22),
('Manoj', 'Patel', '1980-12-07', 'Male', 'H.No. 18, Satellite, Ahmedabad', 0654321098, 556677889944, 23),
('Divya', 'Sharma', '1987-04-11', 'Female', 'No. 24, Vaishali Nagar, Jaipur', 9543210988, 667788990055, 24),
('Vivek', 'Trivedi', '1990-08-29', 'Male', 'H.No. 9, Alambagh, Lucknow', 8432109877, 778899001166, 25),
('Anjali', 'Mehta', '1982-01-14', 'Female', 'Sector 35C, Chandigarh', 7321098766, 889900112277, 26),
('Sunil', 'Nair', '1979-07-03', 'Male', 'Flat 11, Panampilly Nagar, Kochi', 6210987655, 990011223388, 27),
('Preeti', 'Verma', '1986-10-19', 'Female', 'No. 33, Shahpura, Bhopal', 5109876544, 101010101010, 28),
('Rakesh', 'Yadav', '1975-03-26', 'Male', 'H.No. 5, Danapur, Patna', 4098765433, 112211221122, 29),
('Sonia', 'Kapoor', '1988-12-09', 'Female', 'Flat 7, Vesu, Surat', 3987654322, 223322332233, 30);

-- Inserting data in Suspects table
INSERT INTO Suspects (FirstName, LastName, DateOfBirth, Gender, ResidentialAddress, ContactNumber, AadhaarNumber) VALUES
('Vijay', 'Malhotra', '1980-05-15', 'Male', 'Room No. 12, Chawl No.5, Dharavi, Mumbai', 9876123450, 123412341234),
('Raju', 'Khan', '1985-08-22', 'Male', 'H.No. 45, Seelampur, Delhi', 8765234561, 234523452345),
('Suresh', 'Kumar', '1978-11-30', 'Male', 'No. 56, Shivajinagar, Bengaluru', 7656345672, 345634563456),
('Ramesh', 'Patel', '1982-04-18', 'Male', 'Flat 34, Old City, Hyderabad', 6547456783, 456745674567),
('Mohan', 'Iyer', '1987-07-25', 'Male', 'No. 78, Washermanpet, Chennai', 9438567894, 567856785678),
('Babu', 'Banerjee', '1975-02-14', 'Male', '12B, Howrah, Kolkata', 8329678905, 678967896789),
('Sanju', 'Deshmukh', '1983-09-09', 'Male', 'Flat 5, Pimpri, Pune', 7210789016, 789078907890),
('Ravi', 'Gupta', '1988-12-03', 'Male', 'H.No. 32, Naroda, Ahmedabad', 6101890127, 890189018901),
('Mahesh', 'Sharma', '1979-06-28', 'Male', 'No. 15, Jhotwara, Jaipur', 5092901238, 901290129012),
('Sunil', 'Yadav', '1984-03-19', 'Male', 'H.No. 7, Chinhat, Lucknow', 4983012349, 112211221122),
('Aakash', 'Khanna', '1981-07-22', 'Male', 'Sector 22D, Chandigarh', 3874123450, 223322332233),
('Deepak', 'Nair', '1986-10-11', 'Male', 'Flat 8, Fort Kochi, Kochi', 2765234561, 334433443344),
('Vinod', 'Malhotra', '1977-04-05', 'Male', 'No. 42, Karond, Bhopal', 1656345672, 445544554455),
('Pappu', 'Verma', '1989-01-30', 'Male', 'H.No. 23, Phulwari Sharif, Patna', 9547456783, 556655665566),
('Rajesh', 'Joshi', '1980-08-17', 'Male', 'Flat 16, Varachha, Surat', 8438567894, 667766776677),
('Suman', 'Reddy', '1983-05-14', 'Female', 'Flat 9, Govandi, Mumbai', 7329678905, 778877887788),
('Alok', 'Mishra', '1976-12-08', 'Male', 'H.No. 34, Narela, Delhi', 6210789016, 889988998899),
('Kiran', 'Singh', '1987-09-21', 'Female', 'No. 51, Yeshwantpur, Bengaluru', 5101890127, 990099009900),
('Prakash', 'Rao', '1982-02-25', 'Male', 'Flat 22, Secunderabad, Hyderabad', 4092901238, 101010101010),
('Anil', 'Menon', '1985-11-13', 'Male', 'No. 67, Tambaram, Chennai', 3983012349, 202020202020),
('Rahul', 'Bose', '1979-08-14', 'Male', '15D, Salt Lake, Kolkata', 2874123450, 303030303030),
('Shiva', 'Pawar', '1984-06-27', 'Male', 'Flat 4, Wakad, Pune', 1765234561, 404040404040),
('Mohan', 'Patel', '1981-11-05', 'Male', 'H.No. 19, Satellite, Ahmedabad', 0656345672, 505050505050),
('Dinesh', 'Sharma', '1986-03-18', 'Male', 'No. 25, Vaishali Nagar, Jaipur', 9547456784, 606060606060),
('Vikas', 'Trivedi', '1991-09-22', 'Male', 'H.No. 10, Alambagh, Lucknow', 8438567895, 707070707070),
('Ramesh', 'Pillai', '1982-07-18', 'Male', 'Room No. 8, Chawl No.3, Dharavi, Mumbai', 9876123451, 808080808080),
('Sanjay', 'Verma', '1987-04-22', 'Male', 'H.No. 12, Laxmi Nagar, Delhi', 8765234562, 909090909090),
('Anita', 'Desai', '1984-11-15', 'Female', 'No. 34, MG Road, Bengaluru', 7656345673, 121212121212),
('Vishal', 'Joshi', '1990-02-28', 'Male', 'Flat 12, Begumpet, Hyderabad', 6547456784, 232323232323),
('Pooja', 'Reddy', '1988-09-05', 'Female', 'No. 45, Anna Nagar, Chennai', 9438567895, 343434343434),
('Rakesh', 'Malhotra', '1983-06-12', 'Male', '22B, Park Street, Kolkata', 8329678906, 454545454545),
('Sunita', 'Sharma', '1986-03-25', 'Female', 'Flat 7, Kothrud, Pune', 7210789017, 565656565656);

-- Inserting data in Evidence table 
INSERT INTO Evidence (EvidenceName, Description, LocationFound, IncidentID) VALUES
('Knife', '6-inch blade with wooden handle', 'Near jewelry store counter', 1),
('CCTV Footage', 'Digital recording of burglary', 'Building security room', 2),
('Laptop', 'Used for online fraud', 'Suspect''s residence', 3),
('Broken Bottle', 'Used in assault with blood traces', 'Bar floor', 4),
('Wallet', 'Victim''s stolen wallet found discarded', 'Near market dustbin', 5),
('Bloody Knife', 'Murder weapon with fingerprints', 'Kitchen sink', 6),
('Helmet', 'Left at vehicle theft scene', 'Parking lot corner', 7),
('Documents', 'Fake property papers', 'Suspect''s office', 8),
('Child''s Toy', 'Found near abduction site', 'Park bench', 9),
('Medical Report', 'Victim injury documentation', 'Hospital records', 10),
('Drug Packets', 'Containing narcotics', 'Suspect''s car trunk', 11),
('Clothing', 'Torn dress of victim', 'Alleyway', 12),
('Gas Can', 'Used to start fire', 'Behind burned building', 13),
('Audio Recording', 'Noise complaint evidence', 'Neighbor''s phone', 14),
('Paint Scraps', 'From hit-and-run vehicle', 'Victim''s clothing', 15),
('Spray Cans', 'Used for graffiti', 'Abandoned near scene', 16),
('Credit Card', 'Cloned card found', 'ATM vestibule', 17),
('Emails', 'Harassment evidence', 'Victim''s work computer', 18),
('Cash', 'Bribe money marked', 'Official''s drawer', 19),
('Text Messages', 'Threatening messages', 'Victim''s phone', 20),
('Gold Chain', 'Snatched from victim', 'Pawn shop recovery', 26),
('Laptop', 'Used for scam operations', 'Cyber cafe raid', 27),
('Belt', 'Used in domestic assault', 'Victim''s residence', 28),
('Mobile Phone', 'Stolen device with fingerprints', 'Flea market recovery', 29),
('Lottery Tickets', 'Fake winning tickets', 'Suspect''s residence', 30);

-- Inserting data in Reports table
INSERT INTO Reports (IncidentID, ReportingOfficerID, ReportDate, ReportDetails, STATUS) VALUES
(1, 1, '2023-01-16', 'Robbery at jewelry store with estimated loss of ₹25 lakhs. One suspect apprehended.', 'Finalized'),
(2, 2, '2023-02-04', 'Daytime burglary with stolen valuables worth ₹5 lakhs. Investigation ongoing.', 'Draft'),
(3, 3, '2023-02-11', 'Online fraud case involving ₹12 lakhs transferred to fake accounts.', 'Finalized'),
(4, 4, '2023-02-19', 'Bar fight resulting in serious injuries to two patrons. Case closed after settlement.', 'Finalized'),
(5, 5, '2023-03-06', 'Pickpocketing incident in crowded market. No suspects identified yet.', 'Draft'),
(6, 6, '2023-03-13', 'Domestic dispute turned fatal. Husband in custody.', 'Finalized'),
(7, 7, '2023-03-21', 'Motorcycle theft from residential parking. CCTV footage being analyzed.', 'Draft'),
(8, 8, '2023-04-03', 'Real estate scam involving fake property documents. Three suspects arrested.', 'Finalized'),
(9, 9, '2023-04-16', 'Child abduction case. AMBER alert issued. Child recovered safely.', 'Finalized'),
(10, 10, '2023-04-23', 'Domestic violence complaint. Husband charged under IPC 498A.', 'Finalized'),
(11, 11, '2023-05-06', 'Drug peddling bust with seizure of 2kg narcotics. Two arrested.', 'Finalized'),
(12, 12, '2023-05-13', 'Molestation case reported by college student. Suspect identified.', 'Draft'),
(13, 13, '2023-05-21', 'Deliberate fire at commercial property causing ₹50 lakhs damage.', 'Draft'),
(14, 14, '2023-06-04', 'Noise complaint against late-night party. Warning issued.', 'Finalized'),
(15, 15, '2023-06-11', 'Hit-and-run case with pedestrian critically injured. Vehicle identified.', 'Draft'),
(16, 16, '2023-06-19', 'Vandalism of public property with graffiti. Local gang suspected.', 'Draft'),
(17, 17, '2023-07-03', 'Credit card fraud involving ₹3.2 lakhs unauthorized transactions.', 'Draft'),
(18, 18, '2023-07-16', 'Workplace harassment complaint by female employee. HR involved.', 'Finalized'),
(19, 19, '2023-07-23', 'Bribery case against municipal officer caught red-handed.', 'Finalized'),
(20, 20, '2023-08-06', 'Child abuse complaint against school teacher. Investigation ongoing.', 'Draft'),
(26, 1, '2025-06-06', 'Chain snatching incident near Marine Lines station. Victim sustained minor injuries.', 'Finalized'),
(27, 2, '2025-06-13', 'Online job scam defrauding 50 people of approximately ₹25 lakhs collectively.', 'Draft'),
(28, 3, '2025-06-19', 'Domestic violence case with victim requiring hospitalization. Husband absconding.', 'Finalized'),
(29, 4, '2025-06-26', 'Mobile phone theft reported in Banjara Hills mall. CCTV footage available.', 'Draft'),
(30, 5, '2025-06-29', 'Fake lottery scam targeting senior citizens. Three suspects identified.', 'Draft');

-- Inserting data in Criminals table 
INSERT INTO Criminals (IncidentID, SuspectID, AadhaarNumber, PunishmentDetails) VALUES
(1, 1000, 123412341234, '5 years imprisonment under IPC 392'),
(4, 1003, 456745674567, '2 years imprisonment under IPC 326'),
(6, 1005, 678967896789, 'Life imprisonment under IPC 302'),
(8, 1007, 890189018901, '7 years imprisonment under IPC 420'),
(9, 1008, 901290129012, '10 years imprisonment under IPC 363'),
(10, 1009, 112211221122, '3 years imprisonment under IPC 498A'),
(11, 1010, 223322332233, '10 years rigorous imprisonment under NDPS Act'),
(14, 1013, 556655665566, 'Fine of ₹10,000 under Noise Pollution Rules'),
(18, 1017, 889988998899, '2 years imprisonment under IPC 354'),
(19, 1018, 999099009900, '5 years imprisonment under Prevention of Corruption Act'),
(2, 1001, 234523452345, '3 years imprisonment under IPC 454'),
(3, 1002, 345634563456, '4 years imprisonment under IT Act 2000'),
(5, 1004, 567856785678, '1 year imprisonment under IPC 379'),
(12, 1011, 334433443344, '7 years imprisonment under IPC 354'),
(15, 1014, 667766776677, '5 years imprisonment under IPC 279/338'),
(16, 1015, 778877887788, '6 months imprisonment under IPC 427'),
(17, 1016, 899988998899, '3 years imprisonment under IT Act 66C'),
(20, 1019, 990099009900, '7 years imprisonment under POCSO Act'),
(21, 1020, 101010101010, '1 year imprisonment under IPC 294'),
(22, 1021, 202020202020, '2 years imprisonment under Public Gambling Act'),
(26, 1022, 303030303030, '3 years imprisonment under IPC 392 (pending appeal)'),
(27, 1023, 404040404040, '5 years imprisonment under IT Act 66D (under trial)');

-- Inserting data in Users table
INSERT INTO Users (Username, Password, Role, OfficerID) VALUES
('rajesh.kumar', 'mumbai@123', 'Officer', 1),
('priya.sharma', 'delhi@456', 'Officer', 2),
('vikram.singh', 'bengaluru@789', 'Admin', 3),
('anjali.patel', 'hyderabad@321', 'Officer', 4),
('arun.iyer', 'chennai@654', 'Officer', 5),
('meera.banerjee', 'kolkata@987', 'Officer', 6),
('sanjay.deshmukh', 'pune@123', 'Officer', 7),
('neha.gupta', 'ahmedabad@456', 'Officer', 8),
('rahul.sharma', 'jaipur@789', 'Officer', 9),
('sunita.yadav', 'lucknow@321', 'Officer', 10),
('amit.khanna', 'chandigarh@654', 'Officer', 11),
('deepa.nair', 'kochi@987', 'Officer', 12),
('vijay.malhotra', 'bhopal@123', 'Admin', 13),
('pooja.verma', 'patna@456', 'Officer', 14),
('ramesh.joshi', 'surat@789', 'Officer', 15),
('smita.reddy', 'mumbai2@321', 'Officer', 16),
('alok.mishra', 'delhi2@654', 'Officer', 17),
('kavita.singh', 'bengaluru2@987', 'Officer', 18),
('prakash.rao', 'hyderabad2@123', 'Officer', 19),
('anita.menon', 'chennai2@456', 'Officer', 20),
('rajiv.bose', 'kolkata2@789', 'Admin', 21),
('shweta.pawar', 'pune2@321', 'Officer', 22),
('manoj.patel', 'ahmedabad2@654', 'Officer', 23),
('divya.sharma', 'jaipur2@987', 'Officer', 24),
('vivek.trivedi', 'lucknow2@123', 'Officer', 25),
('anjali.mehta', 'chandigarh2@456', 'Officer', 26),
('sunil.nair', 'kochi2@789', 'Officer', 27),
('preeti.verma', 'bhopal2@321', 'Officer', 28),
('rakesh.yadav', 'patna2@654', 'Officer', 29),
('sonia.kapoor', 'surat2@987', 'Officer', 30),
('nitin.shah', 'nagpur@123', 'Admin', 31),
('ananya.desai', 'indore@456', 'Officer', 32),
('vikas.malhotra', 'thane@789', 'Officer', 33),
('rashmi.saxena', 'ghaziabad@321', 'Officer', 34),
('sanjeev.iyer', 'coimbatore@654', 'Officer', 35);

-- Inserting data in SuspectIncidents table
INSERT INTO SuspectIncidents (SuspectID, IncidentID, AadhaarNumber, RoleDescription, AddedByOfficerID) VALUES
(1000, 1, 123412341234, 'Primary robber with weapon', 1),
(1001, 2, 234523452345, 'Burglar caught on CCTV', 2),
(1002, 3, 345634563456, 'Created fake investment website', 3),
(1003, 4, 456745674567, 'Initiated bar fight with bottle', 4),
(1004, 5, 567856785678, 'Pickpocket working in team', 5),
(1005, 6, 678967896789, 'Husband who committed murder', 6),
(1006, 7, 789078907890, 'Stolen motorcycle found in possession', 7),
(1007, 8, 890189018901, 'Mastermind of real estate scam', 8),
(1008, 9, 901290129012, 'Abducted child from park', 9),
(1009, 10, 112211221122, 'Husband accused of domestic violence', 10),
(1010, 11, 223322332233, 'Drug supplier caught with narcotics', 11),
(1011, 12, 334433443344, 'Molested college student', 12),
(1012, 13, 445544554455, 'Set fire to business rival''s shop', 13),
(1013, 14, 556655665566, 'Organized loud party violating norms', 14),
(1014, 15, 667766776677, 'Hit pedestrian while drunk driving', 15),
(1015, 16, 778877887788, 'Spray painted public walls', 16),
(1016, 17, 889988998899, 'Created cloned credit cards', 17),
(1017, 18, 990099009900, 'Sent inappropriate emails to colleague', 18),
(1018, 19, 101010101010, 'Accepted bribe for contract approval', 19),
(1019, 20, 202020202020, 'Physically abused students', 20),
(1020, 21, 303030303030, 'Eve teased college girls', 21),
(1021, 22, 404040404040, 'Ran illegal gambling operation', 22),
(1022, 23, 505050505050, 'Prepared fake documents', 23),
(1023, 24, 606060606060, 'Extorted money from shopkeepers', 24),
(1024, 25, 707070707070, 'Trespassed into private property', 25),
(1025, 26, 808080808080, 'Chain snatcher on motorcycle', 1),
(1026, 27, 909090909090, 'Operated fake job portal', 2),
(1027, 28, 121212121212, 'Assaulted wife with belt', 3),
(1028, 29, 232323232323, 'Stole mobile phones in mall', 4),
(1029, 30, 343434343434, 'Scammed seniors with fake lottery', 5),
(1030, 26, 454545454545, 'Accomplice in chain snatching', 1),
(1031, 27, 565656565656, 'Handled financial transactions for scam', 2);

SELECT * FROM Victims;
DELETE FROM Victims WHERE VictimID = 31;
